DateTime,Temperature,Humidity,Wind Speed,general diffuse flows,diffuse flows,Zone 1 Power Consumption,Zone 2  Power Consumption,Zone 3  Power Consumption
2017-01-01 00:00:00,6.559,73.8,0.083,0.051,0.119,34055.6962,16128.87538,20240.96386
2017-01-01 01:00:00,5.641,77.7,0.08,0.048,0.096,25998.98734,16993.31307,17945.06024
2017-01-01 02:00:00,5.059,78.6,0.081,0.07,0.096,23003.5443,15169.60486,16117.59036
2017-01-01 03:00:00,5.169,77.9,0.083,0.066,0.108,21107.8481,13535.56231,15140.24096
2017-01-01 04:00:00,4.753,75.7,0.083,0.044,0.134,20524.55696,12820.66869,14585.06024
2017-01-01 05:00:00,4.934,72.9,0.082,0.055,0.134,20542.78481,12806.07903,14243.85542
2017-01-01 06:00:00,4.308,77.2,0.081,0.062,0.126,22219.74684,14068.08511,14908.91566
2017-01-01 07:00:00,4.304,76.0,0.082,0.048,0.152,19983.79747,12342.85714,13492.04819
2017-01-01 08:00:00,4.794,72.0,0.084,0.187,0.145,18385.82278,10949.54407,10710.36145
2017-01-01 09:00:00,4.704,71.8,0.083,82.5,20.15,21296.20253,12871.73252,12283.37349
2017-01-01 10:00:00,5.124,73.7,0.076,234.8,29.23,25275.94937,15238.90578,14162.89157
2017-01-01 11:00:00,7.54,64.21,4.916,371.1,33.43,28714.93671,17507.59878,15591.3253
2017-01-01 12:00:00,13.08,54.36,0.077,450.4,43.2,29644.55696,18131.30699,16562.89157
2017-01-01 13:00:00,15.57,58.06,0.077,498.1,40.94,30258.22785,18466.8693,17413.01205
2017-01-01 14:00:00,15.83,54.99,0.079,476.1,39.49,29984.81013,18353.79939,17054.45783
2017-01-01 15:00:00,15.64,57.26,0.077,409.0,44.9,29571.64557,17894.22492,16753.73494
2017-01-01 16:00:00,15.33,59.23,0.077,209.1,128.9,28836.4557,17646.20061,16256.38554
2017-01-01 17:00:00,15.44,59.07,0.076,165.8,201.7,29723.5443,17708.20669,17719.51807
2017-01-01 18:00:00,14.48,63.27,0.08,18.0,18.29,39560.50633,24455.92705,25544.09639
2017-01-01 19:00:00,12.51,68.35,0.077,0.055,0.085,39991.89873,24477.81155,25989.39759
2017-01-01 20:00:00,11.42,71.2,0.076,0.073,0.085,40283.5443,24919.14894,26469.39759
2017-01-01 21:00:00,11.43,72.0,0.075,0.051,0.07,39584.81013,25396.96049,25966.26506
2017-01-01 22:00:00,13.1,65.44,0.074,0.04,0.141,36953.92405,24000.0,23976.86747
2017-01-01 23:00:00,12.11,69.94,0.074,0.088,0.082,32117.46835,21253.49544,20686.26506
2017-01-02 00:00:00,11.01,75.8,0.076,0.033,0.163,26703.79747,18047.41641,17916.14458
2017-01-02 01:00:00,10.94,78.1,0.074,0.084,0.108,23629.36709,15720.36474,15643.37349
2017-01-02 02:00:00,10.86,80.0,0.076,0.066,0.159,21533.16456,14294.22492,14405.78313
2017-01-02 03:00:00,10.7,77.7,0.079,0.062,0.159,20372.65823,13524.62006,13948.91566
2017-01-02 04:00:00,10.18,81.7,0.079,0.059,0.159,19831.89873,13090.57751,13549.87952
2017-01-02 05:00:00,10.03,83.8,0.08,0.029,0.163,20257.21519,13517.32523,13642.40964
2017-01-02 06:00:00,9.58,84.5,0.075,0.048,0.134,22742.27848,15089.3617,14868.43373
2017-01-02 07:00:00,9.17,85.8,0.078,0.073,0.163,23380.25316,15607.29483,14400.0
2017-01-02 08:00:00,9.44,83.2,0.084,0.124,0.223,22742.27848,15537.99392,11398.55422
2017-01-02 09:00:00,8.44,85.9,0.08,64.11,24.49,25980.75949,17248.63222,12636.14458
2017-01-02 10:00:00,11.68,81.7,0.08,218.3,39.07,25518.98734,19393.31307,14619.75904
2017-01-02 11:00:00,14.55,64.11,0.077,360.7,41.43,27645.56962,20618.84498,16325.78313
2017-01-02 12:00:00,15.21,55.69,0.077,452.5,41.73,28939.74684,20757.44681,16742.16867
2017-01-02 13:00:00,15.23,60.53,0.076,487.1,44.09,29966.58228,19593.92097,18997.59036
2017-01-02 14:00:00,15.56,56.03,0.075,470.9,42.8,28672.40506,19517.32523,18714.21687
2017-01-02 15:00:00,15.59,55.76,0.077,399.4,40.61,28721.01266,21559.87842,16643.85542
2017-01-02 16:00:00,15.37,58.59,0.077,280.3,184.0,29030.88608,20728.26748,16111.80723
2017-01-02 17:00:00,15.22,59.95,0.076,142.6,175.0,32390.88608,21198.78419,18026.0241
2017-01-02 18:00:00,14.54,64.02,0.074,11.04,11.2,41644.55696,27206.07903,25497.83133
2017-01-02 19:00:00,13.87,68.59,0.075,0.066,0.1,41280.0,26731.91489,25659.75904
2017-01-02 20:00:00,13.42,68.89,0.073,0.055,0.096,40939.74684,26531.30699,25353.25301
2017-01-02 21:00:00,13.47,66.99,0.074,0.048,0.078,40830.37975,26564.13374,25619.27711
2017-01-02 22:00:00,12.86,67.76,0.074,0.084,0.093,37792.40506,24755.0152,23791.80723
2017-01-02 23:00:00,12.82,70.1,0.075,0.077,0.1,32785.82278,21753.19149,21166.26506
2017-01-03 00:00:00,12.08,74.0,0.076,0.117,0.093,26661.26582,18579.93921,18072.28916
2017-01-03 01:00:00,12.23,75.1,0.074,0.062,0.145,23422.78481,15749.54407,15718.55422
2017-01-03 02:00:00,11.35,73.6,0.081,0.095,0.134,21691.13924,14538.60182,14475.18072
2017-01-03 03:00:00,12.78,71.8,0.078,0.055,0.156,20980.25316,13944.07295,13769.63855
2017-01-03 04:00:00,11.85,75.1,0.083,0.077,0.156,20202.53165,13586.62614,13468.91566
2017-01-03 05:00:00,10.74,78.6,0.077,0.048,0.189,20390.88608,13739.81763,13688.6747
2017-01-03 06:00:00,11.44,77.5,0.079,0.102,0.122,22954.93671,15403.03951,14874.21687
2017-01-03 07:00:00,10.15,80.8,0.08,0.055,0.193,24534.68354,16034.04255,14342.16867
2017-01-03 08:00:00,8.85,82.7,0.082,0.146,0.223,23884.55696,15957.44681,11780.24096
2017-01-03 09:00:00,8.4,85.3,0.082,64.8,27.42,27135.18987,18032.82675,13110.36145
2017-01-03 10:00:00,12.43,83.3,0.079,220.3,41.27,30057.72152,19473.55623,14139.75904
2017-01-03 11:00:00,14.54,69.24,0.084,361.2,43.97,32749.36709,21155.0152,15388.91566
2017-01-03 12:00:00,15.28,64.43,0.074,452.5,44.71,33168.60759,21508.81459,16285.3012
2017-01-03 13:00:00,15.43,62.93,0.073,492.7,44.55,34341.26582,21672.94833,16632.28916
2017-01-03 14:00:00,15.57,63.7,0.073,472.9,45.01,32627.8481,21541.64134,16771.08434
2017-01-03 15:00:00,15.44,64.86,0.075,401.3,43.02,32251.13924,21424.92401,16366.26506
2017-01-03 16:00:00,15.34,66.4,0.075,283.3,215.7,31777.21519,21012.76596,16429.87952
2017-01-03 17:00:00,14.94,64.99,0.075,131.7,166.5,33241.51899,21924.62006,17852.53012
2017-01-03 18:00:00,14.32,69.56,0.075,11.76,11.93,42495.18987,27209.72644,25347.46988
2017-01-03 19:00:00,11.85,78.2,0.074,0.066,0.111,42434.43038,27217.02128,25740.72289
2017-01-03 20:00:00,10.69,81.5,0.077,0.055,0.093,41960.50633,26819.45289,25891.08434
2017-01-03 21:00:00,9.62,83.4,0.074,0.055,0.082,41571.64557,26939.81763,25729.15663
2017-01-03 22:00:00,9.07,83.8,0.073,0.073,0.089,37962.53165,24962.91793,24190.84337
2017-01-03 23:00:00,8.51,84.3,0.075,0.062,0.104,32457.72152,21610.94225,21443.85542
2017-01-04 00:00:00,8.52,83.7,0.077,0.062,0.104,27657.72152,18612.76596,18176.38554
2017-01-04 01:00:00,8.13,82.4,0.074,0.037,0.1,23975.6962,15833.43465,15892.04819
2017-01-04 02:00:00,8.13,81.2,0.075,0.059,0.119,22450.63291,14144.68085,14775.90361
2017-01-04 03:00:00,7.89,81.2,0.074,0.066,0.07,21569.62025,13542.85714,14081.92771
2017-01-04 04:00:00,7.46,81.3,0.091,0.084,0.122,21120.0,13294.83283,13839.03614
2017-01-04 05:00:00,6.003,86.3,0.085,0.062,0.1,19746.83544,13524.62006,13827.46988
2017-01-04 06:00:00,5.946,86.9,0.084,0.07,0.122,23696.20253,15359.27052,15163.37349
2017-01-04 07:00:00,5.364,87.7,0.087,0.051,0.122,24972.1519,15826.13982,14839.51807
2017-01-04 08:00:00,5.139,86.9,0.085,0.146,0.226,24066.83544,15734.95441,11392.77108
2017-01-04 09:00:00,4.872,87.2,0.088,70.5,26.46,26849.62025,18040.12158,13416.86747
2017-01-04 10:00:00,6.0,84.1,0.091,220.3,39.42,29122.02532,20549.54407,14718.07229
2017-01-04 11:00:00,8.01,79.8,0.088,354.4,40.51,31485.56962,21734.95441,15892.04819
2017-01-04 12:00:00,11.47,70.1,0.085,466.4,37.49,33873.41772,21942.85714,16267.95181
2017-01-04 13:00:00,14.41,63.77,0.084,505.9,36.35,33855.18987,22256.53495,16817.3494
2017-01-04 14:00:00,17.65,53.72,0.084,485.9,38.87,32676.4557,21603.64742,16649.63855
2017-01-04 15:00:00,17.33,57.36,0.075,409.7,44.91,32475.94937,21527.05167,16383.61446
2017-01-04 16:00:00,17.09,61.8,0.074,291.0,254.4,31552.40506,20994.52888,15892.04819
2017-01-04 17:00:00,17.57,60.33,0.076,134.8,165.7,32166.07595,21432.21884,17395.66265
2017-01-04 18:00:00,14.98,71.1,0.077,11.43,11.56,42938.73418,27665.6535,25445.78313
2017-01-04 19:00:00,12.21,77.6,0.069,0.051,0.104,43163.5443,27443.16109,25659.75904
2017-01-04 20:00:00,13.8,66.7,0.086,0.095,0.082,42197.46835,27118.54103,25497.83133
2017-01-04 21:00:00,12.82,69.5,0.086,0.044,0.122,41456.20253,27001.82371,25879.51807
2017-01-04 22:00:00,10.96,73.9,0.084,0.077,0.148,38357.46835,24897.26444,24306.50602
2017-01-04 23:00:00,10.4,76.1,0.085,0.073,0.13,33302.27848,21895.44073,21386.0241
2017-01-05 00:00:00,9.0,79.7,0.085,0.048,0.119,27663.79747,18948.32827,18344.09639
2017-01-05 01:00:00,8.39,80.1,0.084,0.091,0.108,24121.51899,16245.59271,16001.92771
2017-01-05 02:00:00,7.78,81.5,0.087,0.077,0.111,20937.72152,14286.93009,14712.28916
2017-01-05 03:00:00,7.53,81.3,0.084,0.077,0.145,21302.27848,13524.62006,14018.31325
2017-01-05 04:00:00,7.27,77.4,0.08,0.066,0.152,20876.96203,13334.95441,13850.60241
2017-01-05 05:00:00,6.998,77.3,0.083,0.077,0.148,21144.3038,13776.29179,13966.26506
2017-01-05 06:00:00,6.923,72.5,0.087,0.062,0.1,23179.74684,15271.73252,14908.91566
2017-01-05 07:00:00,5.973,80.6,0.089,0.066,0.141,24431.39241,15953.79939,14845.3012
2017-01-05 08:00:00,5.852,81.7,0.086,0.187,0.26,24121.51899,15654.71125,11473.73494
2017-01-05 09:00:00,5.578,78.6,0.084,75.1,25.83,27153.41772,18014.58967,12954.21687
2017-01-05 10:00:00,7.12,69.32,0.085,227.2,34.92,29589.87342,19747.11246,14556.14458
2017-01-05 11:00:00,9.73,63.47,0.086,365.7,44.35,31989.87342,20855.92705,15597.10843
2017-01-05 12:00:00,13.33,61.37,0.084,459.9,46.63,32682.53165,21085.71429,16163.85542
2017-01-05 13:00:00,16.26,57.93,0.084,494.6,53.51,33514.93671,21724.01216,17002.40964
2017-01-05 14:00:00,17.25,57.33,0.081,470.4,62.08,33022.78481,21567.17325,17002.40964
2017-01-05 15:00:00,18.06,54.26,0.087,392.7,70.2,32135.6962,21315.50152,16684.33735
2017-01-05 16:00:00,17.96,50.78,0.081,212.4,208.6,31661.77215,21093.00912,15822.6506
2017-01-05 17:00:00,16.58,54.96,0.076,126.4,150.3,32463.79747,21512.46201,17204.81928
2017-01-05 18:00:00,15.15,61.53,0.083,17.81,18.68,43248.60759,27384.80243,25416.86747
2017-01-05 19:00:00,13.19,66.46,0.083,0.051,0.126,43704.3038,27133.1307,25804.33735
2017-01-05 20:00:00,11.86,72.8,0.076,0.055,0.108,42914.43038,26815.80547,25480.48193
2017-01-05 21:00:00,10.85,78.6,0.077,0.055,0.104,41924.05063,26571.42857,25370.60241
2017-01-05 22:00:00,10.58,81.6,0.082,0.062,0.089,38321.01266,24977.5076,24532.04819
2017-01-05 23:00:00,10.0,82.7,0.085,0.07,0.122,34177.21519,22303.95137,21709.87952
2017-01-06 00:00:00,8.96,84.9,0.082,0.07,0.145,28623.79747,19035.86626,18176.38554
2017-01-06 01:00:00,8.7,85.5,0.084,0.059,0.13,25045.06329,16314.89362,16082.89157
2017-01-06 02:00:00,8.31,86.6,0.085,0.077,0.171,23052.1519,14837.68997,14839.51807
2017-01-06 03:00:00,8.38,87.0,0.087,0.059,0.152,21988.86076,13947.72036,14209.15663
2017-01-06 04:00:00,8.1,87.4,0.089,0.062,0.215,21727.59494,13947.72036,13948.91566
2017-01-06 05:00:00,7.95,88.9,0.08,0.04,0.156,21545.31646,14122.79635,14157.10843
2017-01-06 06:00:00,8.72,86.8,0.084,0.07,0.111,23580.75949,15807.90274,15267.46988
2017-01-06 07:00:00,9.21,85.5,0.089,0.04,0.152,23848.10127,15953.79939,14342.16867
2017-01-06 08:00:00,9.1,81.7,0.085,0.106,0.23,23088.60759,16070.51672,11040.0
2017-01-06 09:00:00,9.78,81.7,0.087,78.7,52.65,26995.44304,18127.65957,13029.39759
2017-01-06 10:00:00,10.9,76.1,0.082,114.3,110.2,29796.4557,19772.64438,14035.66265
2017-01-06 11:00:00,11.71,73.4,0.089,140.9,138.8,32925.56962,21734.95441,15585.54217
2017-01-06 12:00:00,13.69,68.08,0.085,210.0,197.0,32943.79747,21990.27356,16476.14458
2017-01-06 13:00:00,15.03,65.74,0.086,332.7,284.8,31880.50633,21293.61702,16666.98795
2017-01-06 14:00:00,15.56,62.1,0.091,215.8,222.0,32251.13924,21786.01824,16325.78313
2017-01-06 15:00:00,15.62,64.31,0.083,181.4,183.2,32056.70886,21497.87234,15949.87952
2017-01-06 16:00:00,15.32,66.84,0.083,143.1,142.8,31272.91139,21570.82067,15701.20482
2017-01-06 17:00:00,15.18,69.12,0.084,62.09,62.59,32828.35443,21727.65957,17222.16867
2017-01-06 18:00:00,14.51,73.8,0.084,13.38,13.36,42610.63291,27129.48328,24427.95181
2017-01-06 19:00:00,13.97,74.4,0.085,0.084,0.082,42404.05063,26866.8693,25127.71084
2017-01-06 20:00:00,13.41,75.0,0.083,0.022,0.111,41516.96203,26527.65957,25451.56627
2017-01-06 21:00:00,12.53,78.0,0.085,0.07,0.122,41334.68354,26348.93617,25411.08434
2017-01-06 22:00:00,12.45,77.5,0.085,0.055,0.122,38090.12658,24806.07903,23647.22892
2017-01-06 23:00:00,12.28,78.1,0.085,0.037,0.167,33551.39241,22154.40729,21495.90361
2017-01-07 00:00:00,12.48,74.8,0.083,0.055,0.141,28927.59494,18875.37994,18529.15663
2017-01-07 01:00:00,11.95,77.0,0.089,0.059,0.145,24923.5443,16431.61094,16181.20482
2017-01-07 02:00:00,11.32,78.9,0.09,0.051,0.13,23027.8481,14753.79939,14856.86747
2017-01-07 03:00:00,10.71,82.0,0.088,0.044,0.137,21873.41772,14009.72644,14463.61446
2017-01-07 04:00:00,9.77,83.3,0.088,0.073,0.111,21508.86076,13776.29179,14000.96386
2017-01-07 05:00:00,9.4,84.2,0.085,0.062,0.159,21703.29114,14013.37386,14561.92771
2017-01-07 06:00:00,9.06,83.8,0.09,0.051,0.137,23434.93671,15505.16717,15597.10843
2017-01-07 07:00:00,8.38,85.2,0.089,0.048,0.152,23501.77215,14294.22492,14671.80723
2017-01-07 08:00:00,8.36,84.8,0.097,0.073,0.223,23021.77215,14064.43769,10959.03614
2017-01-07 09:00:00,8.43,83.9,0.085,76.5,51.8,26679.49367,16526.44377,12861.68675
2017-01-07 10:00:00,9.36,81.0,0.093,222.1,54.29,32567.08861,17358.05471,14839.51807
2017-01-07 11:00:00,11.88,73.8,0.088,341.1,60.48,33417.72152,20735.56231,15938.31325
2017-01-07 12:00:00,14.08,69.95,0.088,429.1,81.3,34067.8481,21198.78419,16979.27711
2017-01-07 13:00:00,15.04,64.71,0.078,333.3,211.5,33460.25316,21293.61702,17332.04819
2017-01-07 14:00:00,14.74,62.27,0.077,182.6,171.7,32761.51899,20622.4924,17314.6988
2017-01-07 15:00:00,14.92,66.81,0.075,163.5,133.5,31886.58228,20195.74468,17465.06024
2017-01-07 16:00:00,15.48,64.87,0.075,282.8,306.1,30574.17722,19732.5228,17360.96386
2017-01-07 17:00:00,14.92,66.94,0.072,87.9,98.9,31746.83544,20710.0304,18477.10843
2017-01-07 18:00:00,14.23,69.95,0.077,14.88,15.12,41468.35443,26126.44377,25781.20482
2017-01-07 19:00:00,12.63,77.0,0.079,0.059,0.1,41480.50633,25882.06687,25908.43373
2017-01-07 20:00:00,11.64,81.8,0.078,0.044,0.119,40951.89873,25455.31915,25503.61446
2017-01-07 21:00:00,12.93,76.4,0.076,0.059,0.134,40265.31646,24970.21277,25601.92771
2017-01-07 22:00:00,13.22,77.7,0.076,0.048,0.122,37549.36709,23923.40426,24375.90361
2017-01-07 23:00:00,13.08,78.9,0.078,0.055,0.13,33812.65823,21125.83587,22074.21687
2017-01-08 00:00:00,14.07,78.2,0.081,0.048,0.13,28332.1519,18386.62614,19032.28916
2017-01-08 01:00:00,14.45,77.7,0.091,0.044,0.148,24631.89873,16099.69605,16516.62651
2017-01-08 02:00:00,14.12,74.4,0.084,0.04,0.141,22183.29114,14684.49848,15400.48193
2017-01-08 03:00:00,14.22,71.4,0.083,0.044,0.141,21247.59494,13334.95441,14666.0241
2017-01-08 04:00:00,13.58,75.9,0.088,0.062,0.111,20615.6962,13061.39818,14365.3012
2017-01-08 05:00:00,13.38,74.1,0.098,0.055,0.141,20773.67089,12868.08511,14307.46988
2017-01-08 06:00:00,12.99,72.5,0.094,0.044,0.141,22602.53165,14166.56535,15267.46988
2017-01-08 07:00:00,13.54,68.61,0.092,0.088,0.145,20785.82278,12488.7538,13867.95181
2017-01-08 08:00:00,13.3,68.71,0.099,0.113,0.178,20117.46835,11704.55927,10560.0
2017-01-08 09:00:00,13.2,69.08,0.093,51.31,36.6,22888.10127,13331.30699,12352.77108
2017-01-08 10:00:00,14.19,64.44,0.081,104.6,93.5,27973.67089,13619.45289,14498.31325
2017-01-08 11:00:00,15.14,63.17,0.079,308.3,168.4,31601.01266,15771.42857,16186.98795
2017-01-08 12:00:00,15.79,57.1,0.078,304.2,90.9,32561.01266,17040.72948,17239.51807
2017-01-08 13:00:00,16.18,55.73,0.076,230.3,105.1,33484.55696,16584.80243,17453.49398
2017-01-08 14:00:00,15.98,56.39,0.079,175.5,104.2,32743.29114,17259.57447,17765.78313
2017-01-08 15:00:00,15.7,59.77,0.079,139.7,85.6,31880.50633,16810.94225,17164.33735
2017-01-08 16:00:00,15.78,60.63,0.075,191.5,200.8,31181.77215,16355.0152,16869.39759
2017-01-08 17:00:00,15.84,65.21,0.076,196.8,227.2,30732.1519,18113.06991,18112.77108
2017-01-08 18:00:00,15.4,70.1,0.068,26.82,28.13,40313.92405,24149.54407,25341.68675
2017-01-08 19:00:00,15.19,72.8,0.07,0.048,0.085,41194.93671,24496.04863,25486.26506
2017-01-08 20:00:00,15.18,74.7,0.072,0.066,0.111,41419.74684,24558.05471,25503.61446
2017-01-08 21:00:00,15.27,74.7,0.074,0.084,0.119,40830.37975,24554.40729,25191.3253
2017-01-08 22:00:00,15.18,77.5,0.076,0.051,0.104,37361.01266,23204.86322,23520.0
2017-01-08 23:00:00,15.27,75.3,0.077,0.073,0.126,32664.3038,20556.83891,21091.08434
2017-01-09 00:00:00,15.11,71.3,0.076,0.033,0.156,27268.86076,17387.23404,17898.79518
2017-01-09 01:00:00,15.09,71.0,0.072,0.066,0.137,23763.03797,14735.56231,15811.08434
2017-01-09 02:00:00,14.97,68.97,0.072,0.055,0.145,22086.07595,13404.25532,14880.0
2017-01-09 03:00:00,15.02,70.2,0.075,0.062,0.145,21095.6962,12711.2462,13983.61446
2017-01-09 04:00:00,14.88,72.1,0.075,0.066,0.134,20615.6962,12612.76596,13792.77108
2017-01-09 05:00:00,14.98,71.3,0.075,0.059,0.145,19594.93671,12827.96353,13856.38554
2017-01-09 06:00:00,14.93,69.1,0.074,0.055,0.152,22359.49367,14637.08207,15279.03614
2017-01-09 07:00:00,14.9,67.27,0.076,0.084,0.115,23003.5443,15063.82979,14544.57831
2017-01-09 08:00:00,14.91,63.23,0.07,0.088,0.134,23289.11392,14586.01824,11537.3494
2017-01-09 09:00:00,15.07,59.22,0.075,47.19,42.81,26794.93671,16675.98784,12809.63855
2017-01-09 10:00:00,15.74,57.88,0.077,236.9,112.3,29401.51899,18944.68085,14070.36145
2017-01-09 11:00:00,16.31,59.82,0.074,417.0,142.9,32755.44304,19878.41945,15221.20482
2017-01-09 12:00:00,16.61,57.48,0.078,226.8,185.5,33770.12658,20305.16717,15805.3012
2017-01-09 13:00:00,16.76,62.05,0.074,504.7,170.5,34371.64557,21034.65046,16713.25301
2017-01-09 14:00:00,16.99,60.28,0.078,498.4,91.9,33259.74684,20702.73556,16331.56627
2017-01-09 15:00:00,16.27,67.06,0.074,223.9,157.2,32317.97468,21034.65046,16533.9759
2017-01-09 16:00:00,16.3,69.26,0.073,183.7,188.0,31522.02532,20203.03951,16256.38554
2017-01-09 17:00:00,15.87,71.0,0.073,161.9,175.5,32038.48101,20680.85106,17181.68675
2017-01-09 18:00:00,15.46,72.5,0.069,6.705,7.08,43254.68354,26793.92097,25069.87952
2017-01-09 19:00:00,15.32,73.7,0.074,0.051,0.108,43108.86076,26465.6535,25573.01205
2017-01-09 20:00:00,15.36,74.4,0.069,0.037,0.145,42124.55696,25933.1307,25243.37349
2017-01-09 21:00:00,15.12,75.6,0.076,0.066,0.137,41796.4557,25809.11854,25231.80723
2017-01-09 22:00:00,15.1,76.5,0.074,0.062,0.122,38521.51899,23854.10334,23230.84337
2017-01-09 23:00:00,14.91,76.1,0.071,0.051,0.141,33539.24051,20990.88146,20663.13253
2017-01-10 00:00:00,14.61,76.9,0.076,0.066,0.104,28386.83544,17697.26444,17551.80723
2017-01-10 01:00:00,14.42,79.0,0.077,0.062,0.122,25051.13924,15308.20669,15649.15663
2017-01-10 02:00:00,14.59,78.9,0.08,0.048,0.152,22906.32911,13790.88146,14174.45783
2017-01-10 03:00:00,14.62,78.1,0.076,0.04,0.152,22383.79747,13116.10942,13781.20482
2017-01-10 04:00:00,14.4,79.1,0.08,0.048,0.156,21843.03797,13137.99392,13590.36145
2017-01-10 05:00:00,14.31,78.0,0.075,0.048,0.208,21891.64557,13407.90274,13573.01205
2017-01-10 06:00:00,14.33,79.4,0.081,0.04,0.115,24212.65823,14943.46505,14723.85542
2017-01-10 07:00:00,14.46,78.8,0.079,0.055,0.204,25124.05063,15432.21884,14301.68675
2017-01-10 08:00:00,12.93,77.5,0.08,0.124,0.185,24947.8481,14972.64438,11248.19277
2017-01-10 09:00:00,11.54,80.1,0.074,25.28,24.26,27997.97468,17095.44073,12670.84337
2017-01-10 10:00:00,14.45,74.0,0.077,233.0,69.06,31169.62025,19097.87234,14457.83133
2017-01-10 11:00:00,15.43,67.69,0.077,356.5,73.3,33569.62025,20192.09726,16042.40964
2017-01-10 12:00:00,15.73,65.62,0.073,420.7,114.5,34292.65823,20866.8693,16036.62651
2017-01-10 13:00:00,16.09,63.45,0.074,475.0,138.3,35355.94937,21195.13678,16360.48193
2017-01-10 14:00:00,16.28,64.05,0.076,461.8,78.6,34979.24051,21107.59878,16643.85542
2017-01-10 15:00:00,16.05,64.29,0.075,160.1,132.6,34237.97468,21162.31003,16701.68675
2017-01-10 16:00:00,16.03,68.36,0.077,332.3,365.6,33472.40506,20432.82675,16053.9759
2017-01-10 17:00:00,15.69,69.33,0.078,167.2,195.1,34007.08861,20804.86322,17314.6988
2017-01-10 18:00:00,15.06,71.4,0.079,16.86,17.78,44263.29114,26640.72948,25573.01205
2017-01-10 19:00:00,12.89,79.0,0.08,0.077,0.104,44014.17722,26717.32523,25920.0
2017-01-10 20:00:00,11.83,82.8,0.073,0.051,0.096,42908.35443,25958.66261,25110.36145
2017-01-10 21:00:00,11.31,84.1,0.083,0.062,0.108,41960.50633,25874.77204,25168.19277
2017-01-10 22:00:00,11.35,85.9,0.081,0.04,0.152,38995.44304,24200.6079,23294.45783
2017-01-10 23:00:00,10.41,86.2,0.086,0.077,0.126,34699.74684,21056.53495,20986.98795
2017-01-11 00:00:00,10.25,85.9,0.086,0.073,0.122,29115.94937,18087.53799,18234.21687
2017-01-11 01:00:00,9.84,84.6,0.085,0.07,0.085,25689.11392,15589.05775,15938.31325
2017-01-11 02:00:00,9.63,85.0,0.082,0.088,0.13,23617.21519,14035.25836,14457.83133
2017-01-11 03:00:00,9.79,83.0,0.084,0.04,0.096,22693.67089,13269.30091,13943.13253
2017-01-11 04:00:00,9.23,85.3,0.087,0.055,0.126,22055.6962,13013.98176,13625.06024
2017-01-11 05:00:00,9.59,80.7,0.085,0.088,0.1,22310.88608,13090.57751,13706.0241
2017-01-11 06:00:00,8.91,81.6,0.085,0.07,0.119,24273.41772,14403.64742,14683.37349
2017-01-11 07:00:00,9.21,79.4,0.083,0.062,0.141,22474.93671,13130.69909,13150.84337
2017-01-11 08:00:00,10.17,66.83,0.085,0.135,0.134,21843.03797,12919.14894,10265.06024
2017-01-11 09:00:00,9.57,66.13,0.085,67.35,60.83,25403.5443,15012.76596,11624.09639
2017-01-11 10:00:00,10.42,64.57,0.085,218.6,56.99,29176.70886,17766.56535,14186.0241
2017-01-11 11:00:00,12.76,60.4,0.081,297.2,81.6,32621.77215,19896.65653,16065.54217
2017-01-11 12:00:00,15.99,54.12,0.081,438.8,73.3,33861.26582,20793.92097,16794.21687
2017-01-11 13:00:00,18.24,50.35,0.083,456.5,135.4,33691.13924,20239.51368,16886.74699
2017-01-11 14:00:00,18.7,46.91,0.089,312.4,238.3,33563.5443,20166.56535,16794.21687
2017-01-11 15:00:00,19.02,44.17,0.087,391.9,332.0,32816.20253,20170.21277,16522.40964
2017-01-11 16:00:00,19.48,45.8,0.089,269.0,292.6,31910.88608,19634.04255,16077.10843
2017-01-11 17:00:00,18.67,48.4,0.086,103.6,105.5,32354.43038,19531.91489,16614.93976
2017-01-11 18:00:00,17.7,51.71,0.086,19.01,19.7,42896.20253,25604.86322,24682.40964
2017-01-11 19:00:00,16.33,59.85,0.084,0.04,0.104,43327.59494,25520.97264,25295.42169
2017-01-11 20:00:00,15.84,66.59,0.083,0.062,0.134,42902.27848,25510.0304,25306.98795
2017-01-11 21:00:00,13.79,74.0,0.084,0.051,0.171,42282.53165,25827.35562,25266.50602
2017-01-11 22:00:00,13.4,73.4,0.085,0.066,0.104,39159.49367,24328.26748,23849.63855
2017-01-11 23:00:00,12.14,76.5,0.085,0.048,0.093,35052.1519,21632.82675,20894.45783
2017-01-12 00:00:00,11.57,72.0,0.084,0.07,0.1,29243.5443,18740.42553,17968.19277
2017-01-12 01:00:00,10.4,72.9,0.085,0.055,0.122,25616.20253,16066.8693,15967.22892
2017-01-12 02:00:00,10.01,76.5,0.086,0.084,0.137,23659.74684,14527.65957,15018.79518
2017-01-12 03:00:00,9.81,76.0,0.092,0.055,0.119,22456.70886,13871.12462,14238.07229
2017-01-12 04:00:00,9.21,76.7,0.081,0.07,0.104,22067.8481,13750.75988,14012.53012
2017-01-12 05:00:00,9.54,72.0,0.077,0.073,0.104,21897.72152,14017.02128,14486.74699
2017-01-12 06:00:00,10.53,67.79,0.077,0.07,0.119,24261.26582,15596.35258,15469.87952
2017-01-12 07:00:00,11.59,69.31,0.074,0.026,0.163,25093.67089,16168.99696,14585.06024
2017-01-12 08:00:00,10.85,77.8,0.076,0.081,0.126,24692.65823,15592.70517,11479.51807
2017-01-12 09:00:00,13.5,83.7,0.074,10.05,9.61,28496.20253,17711.8541,12902.16867
2017-01-12 10:00:00,15.22,74.2,0.074,108.2,98.6,32147.8481,19969.60486,13515.18072
2017-01-12 11:00:00,16.92,64.47,0.077,199.9,190.7,34256.20253,21516.10942,14914.6988
2017-01-12 12:00:00,17.15,71.7,0.076,353.9,125.2,35246.58228,22147.11246,15099.75904
2017-01-12 13:00:00,17.13,73.4,0.072,634.9,329.2,35665.82278,21260.79027,17002.40964
2017-01-12 14:00:00,17.05,71.6,0.072,233.1,204.2,35283.03797,20538.60182,16730.60241
2017-01-12 15:00:00,16.7,72.4,0.071,319.0,298.9,33824.81013,21479.63526,16244.81928
2017-01-12 16:00:00,16.6,73.4,0.072,182.4,187.6,33010.63291,20618.84498,16100.24096
2017-01-12 17:00:00,16.3,74.3,0.069,104.3,111.9,33107.8481,20582.37082,16857.83133
2017-01-12 18:00:00,15.82,79.1,0.074,20.7,21.14,43655.6962,26571.42857,25075.66265
2017-01-12 19:00:00,15.39,81.7,0.071,0.048,0.145,44123.5443,26881.45897,25544.09639
2017-01-12 20:00:00,15.08,83.5,0.076,0.066,0.159,43424.81013,26407.29483,25393.73494
2017-01-12 21:00:00,15.01,83.7,0.073,0.051,0.137,42647.08861,26283.28267,25642.40964
2017-01-12 22:00:00,15.15,83.3,0.077,0.048,0.137,39305.31646,24452.27964,23791.80723
2017-01-12 23:00:00,15.18,83.6,0.075,0.04,0.093,34553.92405,21384.80243,21235.66265
2017-01-13 00:00:00,15.18,83.6,0.079,0.048,0.148,29401.51899,18284.49848,18413.49398
2017-01-13 01:00:00,15.09,84.6,0.081,0.055,0.13,25731.64557,15771.42857,16013.49398
2017-01-13 02:00:00,14.86,85.7,0.075,0.044,0.137,23580.75949,14093.61702,14937.83133
2017-01-13 03:00:00,14.85,85.9,0.084,0.055,0.159,22353.41772,13520.97264,13937.3494
2017-01-13 04:00:00,14.19,85.4,0.075,0.044,0.13,22316.96203,13604.86322,13769.63855
2017-01-13 05:00:00,13.64,85.4,0.078,0.055,0.119,22566.07595,13608.51064,13734.93976
2017-01-13 06:00:00,13.37,85.0,0.071,0.055,0.171,24601.51899,15377.5076,14949.39759
2017-01-13 07:00:00,13.15,84.7,0.074,0.07,0.163,25421.77215,15705.77508,14365.3012
2017-01-13 08:00:00,12.82,83.7,0.075,0.07,0.148,24540.75949,15217.02128,10768.19277
2017-01-13 09:00:00,13.03,83.5,0.069,14.89,15.14,27530.12658,17551.36778,12404.81928
2017-01-13 10:00:00,13.95,85.1,0.077,48.32,48.84,30057.72152,20341.64134,12283.37349
2017-01-13 11:00:00,15.45,81.7,0.07,133.5,135.6,32913.41772,22012.15805,13659.75904
2017-01-13 12:00:00,16.07,77.4,0.076,194.6,197.6,33976.70886,21012.76596,15880.48193
2017-01-13 13:00:00,16.14,76.4,0.07,236.7,241.2,32943.79747,20837.68997,16256.38554
2017-01-13 14:00:00,16.42,74.1,0.071,252.9,254.6,33490.63291,20753.79939,16175.42169
2017-01-13 15:00:00,16.48,73.2,0.071,208.2,213.1,32986.32911,20564.13374,15429.39759
2017-01-13 16:00:00,16.5,71.0,0.073,172.2,174.5,32135.6962,20009.72644,15296.38554
2017-01-13 17:00:00,16.37,72.2,0.068,115.5,116.9,33612.1519,20301.51976,16071.3253
2017-01-13 18:00:00,15.73,75.3,0.074,18.11,18.41,42993.41772,26440.12158,24717.10843
2017-01-13 19:00:00,15.24,78.0,0.065,0.037,0.089,43601.01266,25940.42553,25185.54217
2017-01-13 20:00:00,13.86,82.3,0.073,0.062,0.089,42306.83544,25874.77204,24890.60241
2017-01-13 21:00:00,13.32,84.2,0.071,0.026,0.096,41960.50633,25400.6079,24913.73494
2017-01-13 22:00:00,12.97,85.6,0.071,0.055,0.111,38321.01266,24000.0,23508.43373
2017-01-13 23:00:00,13.12,86.7,0.084,0.059,0.115,34365.56962,21103.95137,21125.78313
2017-01-14 00:00:00,13.32,85.5,0.084,0.044,0.108,29122.02532,18328.26748,18540.72289
2017-01-14 01:00:00,14.68,77.9,0.085,0.066,0.126,25549.36709,15716.71733,15770.60241
2017-01-14 02:00:00,14.31,79.8,0.087,0.059,0.115,23428.86076,14002.43161,14561.92771
2017-01-14 03:00:00,16.1,60.55,0.083,0.062,0.119,22116.4557,13455.31915,14018.31325
2017-01-14 04:00:00,18.11,41.89,0.09,0.037,0.148,21915.94937,13057.75076,13833.25301
2017-01-14 05:00:00,16.83,53.17,0.084,0.07,0.174,22341.26582,13192.70517,14000.96386
2017-01-14 06:00:00,15.18,61.48,0.079,0.099,0.115,24607.59494,14819.45289,14908.91566
2017-01-14 07:00:00,13.62,71.9,0.082,0.081,0.178,23520.0,13925.83587,13966.26506
2017-01-14 08:00:00,12.04,77.8,0.083,0.081,0.178,23380.25316,13356.83891,11346.50602
2017-01-14 09:00:00,12.12,75.5,0.087,30.79,28.88,26782.78481,16052.27964,12792.28916
2017-01-14 10:00:00,12.62,75.3,0.083,134.1,118.8,30677.46835,18521.58055,14694.93976
2017-01-14 11:00:00,13.53,71.5,0.086,209.0,115.9,33356.96203,20060.79027,16019.27711
2017-01-14 12:00:00,15.15,66.32,0.085,153.1,155.3,34213.67089,20830.39514,17019.75904
2017-01-14 13:00:00,15.7,62.05,0.088,144.7,142.8,34116.4557,20648.02432,17227.95181
2017-01-14 14:00:00,16.44,62.05,0.084,226.1,225.7,33478.48101,20261.39818,17493.9759
2017-01-14 15:00:00,17.96,55.81,0.088,184.8,188.9,32336.20253,20213.98176,16909.87952
2017-01-14 16:00:00,17.91,57.71,0.086,115.9,118.2,31485.56962,19670.51672,16655.42169
2017-01-14 17:00:00,18.17,62.15,0.087,77.3,80.4,31892.65823,19473.55623,17008.19277
2017-01-14 18:00:00,17.53,63.02,0.077,36.92,37.57,42215.6962,25531.91489,25237.59036
2017-01-14 19:00:00,15.84,72.3,0.073,0.07,0.111,42063.79747,25557.44681,25902.6506
2017-01-14 20:00:00,14.07,75.4,0.074,0.033,0.104,41529.11392,25247.41641,25850.60241
2017-01-14 21:00:00,12.92,76.7,0.073,0.062,0.108,40854.68354,24784.19453,25191.3253
2017-01-14 22:00:00,13.2,78.0,0.084,0.048,0.13,38187.34177,23343.46505,24011.56627
2017-01-14 23:00:00,13.24,82.0,0.084,0.073,0.108,34511.39241,21136.77812,22080.0
2017-01-15 00:00:00,12.35,83.7,0.08,0.059,0.137,27031.89873,18324.62006,18569.63855
2017-01-15 01:00:00,11.66,86.5,0.088,0.066,0.163,20883.03797,19502.73556,16684.33735
2017-01-15 02:00:00,10.62,86.8,0.081,0.062,0.13,17924.05063,17927.05167,14874.21687
2017-01-15 03:00:00,10.31,89.1,0.084,0.048,0.126,16763.5443,17299.69605,14255.42169
2017-01-15 04:00:00,10.34,88.0,0.083,0.051,0.163,16538.73418,16756.231,13775.42169
2017-01-15 05:00:00,9.57,89.4,0.08,0.051,0.159,15949.36709,16632.21884,13862.16867
2017-01-15 06:00:00,10.68,87.6,0.083,0.051,0.134,17832.91139,18000.0,14984.09639
2017-01-15 07:00:00,10.12,86.0,0.081,0.066,0.126,15524.05063,16832.82675,13688.6747
2017-01-15 08:00:00,10.07,85.7,0.08,0.091,0.13,14327.08861,15705.77508,10733.49398
2017-01-15 09:00:00,10.04,86.5,0.087,47.95,44.58,17024.81013,17215.80547,12254.45783
2017-01-15 10:00:00,11.55,86.1,0.082,199.4,161.8,20974.17722,20498.48024,14579.27711
2017-01-15 11:00:00,14.51,77.7,0.08,343.0,170.7,24212.65823,22274.77204,15961.44578
2017-01-15 12:00:00,17.54,61.79,0.082,445.9,161.4,25008.60759,23372.64438,16846.26506
2017-01-15 13:00:00,18.17,59.42,0.084,483.7,242.0,32117.46835,17916.10942,17603.85542
2017-01-15 14:00:00,18.55,52.27,0.082,547.1,505.0,31819.74684,18375.68389,17534.45783
2017-01-15 15:00:00,18.57,50.3,0.086,419.7,456.4,30549.87342,17883.28267,17141.20482
2017-01-15 16:00:00,18.84,50.17,0.084,256.5,284.2,29577.72152,17190.27356,16788.43373
2017-01-15 17:00:00,17.92,53.67,0.083,78.9,83.7,29972.65823,17237.68997,17112.28916
2017-01-15 18:00:00,17.45,54.44,0.084,25.0,25.68,40180.25316,23664.43769,24688.19277
2017-01-15 19:00:00,16.38,60.61,0.085,0.066,0.104,41431.89873,24113.06991,25463.13253
2017-01-15 20:00:00,16.52,61.21,0.082,0.048,0.067,41960.50633,24616.41337,25561.44578
2017-01-15 21:00:00,16.04,61.98,0.084,0.051,0.1,41255.6962,25218.23708,25353.25301
2017-01-15 22:00:00,16.18,55.81,0.08,0.077,0.1,38849.62025,23905.16717,23953.73494
2017-01-15 23:00:00,16.2,54.07,0.08,0.091,0.063,34335.18987,21494.22492,20894.45783
2017-01-16 00:00:00,15.99,58.21,0.081,0.044,0.126,28666.32911,17985.41033,17921.92771
2017-01-16 01:00:00,16.14,58.81,0.082,0.051,0.1,21849.11392,15326.44377,16082.89157
2017-01-16 02:00:00,16.17,57.91,0.079,0.066,0.108,19588.86076,13929.48328,14926.26506
2017-01-16 03:00:00,16.83,51.64,0.083,0.062,0.089,19011.64557,13375.07599,14278.55422
2017-01-16 04:00:00,17.01,53.64,0.081,0.048,0.108,19443.03797,13283.89058,14162.89157
2017-01-16 05:00:00,12.84,84.4,0.075,0.059,0.148,21466.32911,13345.89666,14087.71084
2017-01-16 06:00:00,14.42,69.26,0.074,0.084,0.119,22973.16456,15169.60486,15325.3012
2017-01-16 07:00:00,12.3,84.3,0.08,0.084,0.156,24905.31646,15632.82675,14666.0241
2017-01-16 08:00:00,11.31,84.3,0.078,0.095,0.204,24249.11392,15570.82067,11398.55422
2017-01-16 09:00:00,12.13,80.1,0.079,22.42,22.83,26977.21519,18065.6535,12641.92771
2017-01-16 10:00:00,12.82,69.49,0.082,111.9,114.9,30610.63291,19524.62006,14128.19277
2017-01-16 11:00:00,12.75,67.26,0.085,187.8,184.4,33107.8481,20983.58663,15435.18072
2017-01-16 12:00:00,12.88,61.52,0.079,456.2,354.4,34560.0,21392.09726,15978.79518
2017-01-16 13:00:00,12.41,57.64,0.08,216.3,216.2,35173.67089,21702.12766,16470.36145
2017-01-16 14:00:00,13.29,50.5,0.082,548.0,563.1,34007.08861,21348.32827,16782.6506
2017-01-16 15:00:00,13.43,45.03,0.081,448.0,506.2,33253.67089,21483.28267,16828.91566
2017-01-16 16:00:00,14.1,38.95,0.084,253.6,289.9,32287.59494,20553.19149,16267.95181
2017-01-16 17:00:00,13.46,44.76,0.087,141.6,166.8,31965.56962,20764.74164,16782.6506
2017-01-16 18:00:00,12.78,53.24,0.082,31.77,37.63,42987.34177,26764.74164,25012.04819
2017-01-16 19:00:00,12.22,54.74,0.082,0.088,0.1,43947.34177,26834.04255,25306.98795
2017-01-16 20:00:00,12.66,53.7,0.08,0.073,0.141,42647.08861,26509.42249,25121.92771
2017-01-16 21:00:00,12.02,60.18,0.084,0.11,0.07,41972.65823,26549.54407,25399.51807
2017-01-16 22:00:00,11.21,64.72,0.087,0.062,0.119,35896.70886,24776.8997,24069.39759
2017-01-16 23:00:00,11.18,65.55,0.087,0.059,0.085,34231.89873,21552.58359,20830.84337
2017-01-17 00:00:00,10.57,69.96,0.082,0.077,0.13,28362.53165,17850.45593,17384.09639
2017-01-17 01:00:00,10.61,71.8,0.085,0.04,0.156,25148.35443,15337.38602,15660.72289
2017-01-17 02:00:00,10.47,69.86,0.087,0.073,0.115,22924.55696,14064.43769,14793.25301
2017-01-17 03:00:00,10.15,74.1,0.086,0.081,0.13,22420.25316,13535.56231,14324.81928
2017-01-17 04:00:00,10.28,73.5,0.081,0.051,0.2,21751.89873,13386.01824,13943.13253
2017-01-17 05:00:00,10.07,74.3,0.083,0.073,0.111,22177.21519,13641.33739,14093.49398
2017-01-17 06:00:00,9.87,74.2,0.079,0.095,0.119,24273.41772,15271.73252,15024.57831
2017-01-17 07:00:00,9.31,77.6,0.082,0.051,0.13,25306.32911,15567.17325,14347.95181
2017-01-17 08:00:00,9.44,75.7,0.084,0.132,0.137,24492.1519,15297.26444,11161.44578
2017-01-17 09:00:00,9.32,76.2,0.084,81.1,78.7,28259.24051,17069.90881,12560.96386
2017-01-17 10:00:00,10.37,71.3,0.08,236.2,233.2,31139.24051,17460.18237,15747.46988
2017-01-17 11:00:00,12.12,61.7,0.082,383.3,348.6,33836.96203,18729.48328,17083.37349
2017-01-17 12:00:00,13.32,53.76,0.082,481.8,405.9,35276.96203,19068.69301,17511.3253
2017-01-17 13:00:00,13.39,47.71,0.084,531.9,512.3,35629.36709,18930.09119,18263.13253
2017-01-17 14:00:00,13.99,47.85,0.087,527.2,577.6,33879.49367,19272.94833,18182.16867
2017-01-17 15:00:00,14.23,46.54,0.083,469.6,528.0,33709.36709,19623.1003,18083.85542
2017-01-17 16:00:00,13.93,48.18,0.084,198.4,217.2,32858.73418,20801.21581,16377.83133
2017-01-17 17:00:00,13.7,46.21,0.083,105.5,122.7,32767.59494,20542.24924,16545.54217
2017-01-17 18:00:00,12.24,59.8,0.086,23.38,27.77,43746.83544,26808.51064,25139.27711
2017-01-17 19:00:00,11.55,63.11,0.082,0.095,0.119,44512.40506,26976.29179,26081.92771
2017-01-17 20:00:00,11.22,63.17,0.086,0.04,0.145,43813.67089,26826.74772,25804.33735
2017-01-17 21:00:00,10.66,63.81,0.087,0.091,0.104,43078.48101,26866.8693,25399.51807
2017-01-17 22:00:00,11.24,61.5,0.087,0.081,0.1,39511.89873,24671.12462,23919.03614
2017-01-17 23:00:00,10.61,63.04,0.088,0.077,0.093,33703.29114,21435.86626,20934.93976
2017-01-18 00:00:00,11.15,60.0,0.087,0.062,0.096,28411.13924,18098.48024,17945.06024
2017-01-18 01:00:00,11.21,58.13,0.089,0.062,0.108,25075.44304,15815.19757,15776.38554
2017-01-18 02:00:00,11.65,57.03,0.086,0.095,0.096,23106.83544,14385.41033,14417.3494
2017-01-18 03:00:00,11.74,57.3,0.082,0.066,0.096,22323.03797,13754.40729,13833.25301
2017-01-18 04:00:00,12.88,50.65,0.082,0.051,0.115,22086.07595,13696.04863,13682.89157
2017-01-18 05:00:00,12.84,49.22,0.083,0.055,0.13,22462.78481,13579.33131,13526.74699
2017-01-18 06:00:00,13.37,44.67,0.081,0.073,0.111,24637.97468,15257.14286,14793.25301
2017-01-18 07:00:00,13.17,46.94,0.085,0.073,0.108,25251.64557,15986.62614,14191.80723
2017-01-18 08:00:00,13.35,47.78,0.084,0.113,0.082,25597.97468,16154.40729,11791.80723
2017-01-18 09:00:00,13.42,47.78,0.084,35.45,36.21,28994.43038,18401.21581,13509.39759
2017-01-18 10:00:00,13.5,50.52,0.083,34.03,35.2,32330.12658,20826.74772,15712.77108
2017-01-18 11:00:00,13.83,48.95,0.08,46.0,47.19,36279.49367,22406.07903,17459.27711
2017-01-18 12:00:00,14.04,48.31,0.08,151.9,154.1,37391.39241,23277.81155,18795.18072
2017-01-18 13:00:00,14.12,49.02,0.083,459.9,462.0,37780.25316,24069.30091,19119.03614
2017-01-18 14:00:00,14.05,48.11,0.083,300.4,308.3,37494.68354,23828.57143,19061.20482
2017-01-18 15:00:00,14.64,48.41,0.08,223.4,231.6,37725.56962,24313.67781,19298.31325
2017-01-18 16:00:00,14.06,51.85,0.085,158.9,162.5,36795.94937,24306.38298,19402.40964
2017-01-18 17:00:00,14.57,51.39,0.084,91.5,94.2,36747.34177,24893.61702,20605.3012
2017-01-18 18:00:00,14.88,52.75,0.082,14.17,14.61,44056.70886,29584.19453,27498.79518
2017-01-18 19:00:00,14.22,58.03,0.081,0.055,0.13,45302.27848,29617.02128,27602.89157
2017-01-18 20:00:00,14.89,55.13,0.083,0.055,0.152,43260.75949,28847.41641,26504.09639
2017-01-18 21:00:00,14.81,57.53,0.082,0.073,0.126,42276.4557,28147.11246,26243.85542
2017-01-18 22:00:00,14.7,59.9,0.081,0.037,0.185,38855.6962,25962.31003,23953.73494
2017-01-18 23:00:00,14.54,65.31,0.079,0.081,0.067,33527.08861,22365.95745,20981.20482
2017-01-19 00:00:00,14.71,63.97,0.08,0.044,0.156,27918.98734,18835.25836,17829.39759
2017-01-19 01:00:00,14.65,69.85,0.295,0.04,0.082,24370.63291,16482.67477,15961.44578
2017-01-19 02:00:00,13.25,80.1,0.08,0.062,0.163,22547.8481,14651.67173,14874.21687
2017-01-19 03:00:00,13.16,84.7,0.081,0.073,0.185,21709.36709,13987.84195,14371.08434
2017-01-19 04:00:00,12.96,84.6,0.077,0.066,0.115,21034.93671,13951.36778,14214.93976
2017-01-19 05:00:00,12.39,84.0,0.082,0.055,0.189,21174.68354,13911.2462,14157.10843
2017-01-19 06:00:00,10.84,85.7,0.075,0.088,0.111,23307.34177,15749.54407,15059.27711
2017-01-19 07:00:00,11.01,80.7,0.079,0.059,0.174,24303.79747,15826.13982,14851.08434
2017-01-19 08:00:00,10.48,80.0,0.08,0.084,0.193,23690.12658,16077.81155,11762.89157
2017-01-19 09:00:00,10.06,73.4,0.086,8.88,9.11,27384.3038,18040.12158,12965.78313
2017-01-19 10:00:00,10.16,72.6,0.08,106.8,106.1,30908.35443,19787.23404,14440.48193
2017-01-19 11:00:00,10.44,70.0,0.087,156.8,159.2,33387.34177,21727.65957,16603.37349
2017-01-19 12:00:00,10.37,66.81,0.082,141.6,146.2,34426.32911,23117.32523,17453.49398
2017-01-19 13:00:00,10.6,66.31,0.085,145.7,145.0,35532.1519,22934.95441,17956.62651
2017-01-19 14:00:00,11.69,63.91,0.081,113.0,114.9,34432.40506,22829.17933,18465.54217
2017-01-19 15:00:00,11.56,60.8,0.083,97.0,100.3,35714.43038,23048.02432,17765.78313
2017-01-19 16:00:00,11.8,60.07,0.082,101.0,104.3,36078.98734,22880.24316,17569.15663
2017-01-19 17:00:00,11.99,57.3,0.082,31.44,31.95,36522.53165,23110.0304,17979.75904
2017-01-19 18:00:00,12.06,55.16,0.081,21.4,25.72,45265.82278,28832.82675,26139.75904
2017-01-19 19:00:00,11.93,54.72,0.09,0.084,0.122,45466.32911,28843.769,26822.16867
2017-01-19 20:00:00,11.63,51.85,0.086,0.059,0.108,44712.91139,28752.58359,26220.72289
2017-01-19 21:00:00,10.96,57.73,0.083,0.044,0.07,44135.6962,28748.93617,26527.22892
2017-01-19 22:00:00,11.26,53.99,0.089,0.081,0.056,40435.44304,26436.47416,25087.22892
2017-01-19 23:00:00,10.9,54.12,0.09,0.04,0.108,35568.60759,23190.27356,22716.14458
2017-01-20 00:00:00,10.35,55.06,0.087,0.051,0.1,29608.10127,19269.30091,18777.83133
2017-01-20 01:00:00,9.26,60.4,0.086,0.051,0.115,25816.70886,16417.02128,16129.15663
2017-01-20 02:00:00,8.93,62.24,0.085,0.073,0.093,23392.40506,14560.48632,14885.78313
2017-01-20 03:00:00,8.88,62.44,0.084,0.055,0.089,22262.27848,13896.65653,14099.27711
2017-01-20 04:00:00,9.25,59.03,0.089,0.048,0.078,21569.62025,13688.7538,13937.3494
2017-01-20 05:00:00,8.87,62.67,0.091,0.051,0.093,21909.87342,13871.12462,13867.95181
2017-01-20 06:00:00,10.09,62.24,2.981,0.095,0.082,24157.97468,15709.42249,14839.51807
2017-01-20 07:00:00,11.52,52.92,4.923,0.044,0.093,23945.31646,15738.60182,13786.98795
2017-01-20 08:00:00,11.79,52.19,0.077,0.113,0.178,23787.34177,15968.38906,11068.91566
2017-01-20 09:00:00,11.82,52.32,0.078,39.17,38.37,27110.88608,17981.76292,12560.96386
2017-01-20 10:00:00,12.72,49.32,4.917,283.1,289.0,30555.94937,20297.87234,14452.04819
2017-01-20 11:00:00,13.29,48.01,4.913,395.3,414.3,33648.60759,22128.87538,15649.15663
2017-01-20 12:00:00,13.77,49.48,0.085,572.1,605.8,35137.21519,22402.43161,16048.19277
2017-01-20 13:00:00,13.92,45.31,0.082,157.8,158.9,34110.37975,22471.73252,16453.01205
2017-01-20 14:00:00,13.02,54.06,0.08,50.37,51.66,35690.12658,22657.75076,16273.73494
2017-01-20 15:00:00,11.82,64.01,0.079,74.3,76.8,35161.51899,22220.06079,16302.6506
2017-01-20 16:00:00,11.27,65.84,0.078,16.77,17.2,31491.64557,21873.55623,15579.75904
2017-01-20 17:00:00,11.75,68.61,0.078,25.01,26.27,31175.6962,21603.64742,16574.45783
2017-01-20 18:00:00,12.32,71.6,0.086,12.08,12.87,41419.74684,27315.50152,24821.20482
2017-01-20 19:00:00,11.58,70.1,0.08,0.095,0.115,44111.39241,27972.03647,25798.55422
2017-01-20 20:00:00,10.53,72.0,0.087,0.051,0.141,43248.60759,27395.74468,25549.87952
2017-01-20 21:00:00,10.25,72.3,0.082,0.077,0.096,43649.62025,27891.79331,26573.49398
2017-01-20 22:00:00,10.18,70.9,0.081,0.037,0.122,41778.22785,26917.93313,25370.60241
2017-01-20 23:00:00,9.94,71.4,0.088,0.051,0.119,36874.93671,23748.32827,22883.85542
2017-01-21 00:00:00,9.68,73.5,0.09,0.055,0.115,31035.94937,20046.20061,19269.39759
2017-01-21 01:00:00,10.05,72.4,0.087,0.059,0.085,26296.70886,16818.23708,17008.19277
2017-01-21 02:00:00,10.02,71.5,0.088,0.051,0.163,23884.55696,14950.75988,15799.51807
2017-01-21 03:00:00,9.06,75.6,0.085,0.062,0.108,22645.06329,14162.91793,15111.3253
2017-01-21 04:00:00,9.52,64.41,0.079,0.033,0.156,22067.8481,13827.35562,14521.44578
2017-01-21 05:00:00,9.15,65.24,0.078,0.088,0.089,22171.13924,13706.99088,14573.49398
2017-01-21 06:00:00,9.08,67.28,0.079,0.059,0.111,24109.36709,15366.56535,15348.43373
2017-01-21 07:00:00,9.4,64.27,0.08,0.084,0.082,22863.79747,14122.79635,14012.53012
2017-01-21 08:00:00,9.39,64.44,0.084,0.121,0.16,23021.77215,13845.59271,11352.28916
2017-01-21 09:00:00,9.63,63.67,0.079,103.7,102.5,27031.89873,16924.01216,12971.56627
2017-01-21 10:00:00,10.11,62.27,4.915,244.3,250.2,30361.51899,19499.08815,14926.26506
2017-01-21 11:00:00,11.16,60.77,0.085,462.8,488.6,34438.48101,20888.7538,16400.96386
2017-01-21 12:00:00,11.62,60.83,0.082,525.3,561.1,35106.83544,21822.4924,17199.03614
2017-01-21 13:00:00,12.43,60.2,0.086,554.1,599.6,35143.29114,21804.25532,17592.28916
2017-01-21 14:00:00,12.98,57.86,0.086,592.7,651.1,34705.82278,21388.44985,17719.51807
2017-01-21 15:00:00,12.9,56.76,0.088,201.7,209.3,34420.25316,21796.96049,17783.13253
2017-01-21 16:00:00,12.71,54.02,0.085,182.0,205.5,33022.78481,20731.91489,17493.9759
2017-01-21 17:00:00,13.13,49.02,0.087,185.5,229.8,32810.12658,20589.66565,17418.79518
2017-01-21 18:00:00,12.38,51.55,0.087,16.37,17.16,43570.63291,27111.2462,26053.01205
2017-01-21 19:00:00,12.28,58.0,0.082,0.084,0.104,44269.36709,27756.83891,26712.28916
